,Jan,Feb,Mar,Apr,May,Jun,Jul,Aug,Sep,Oct,Nov,Dec
Reference_period_1971_2000,27.55244382,28.37288857,28.61289914,27.07286008,24.93451373,23.98328082,23.68986448,24.51003456,26.64718056,26.98270098,25.78560829,26.36218707
Change,2.852589925;2.835774104,2.841460546,3.105499268,2.591959635,2.84761556,3.269144694,3.400146484,3.187194824,3.27045695,3.117238363,2.648732503
Mid-century_2041_2070,30.40503375,31.20866267,31.45435969,30.17835935,27.52647336,26.83089638,26.95900917,27.91018105,29.83437538,30.25315793,28.90284665,29.01091957
Harmful_tomato_threshold,29,29,29,29,29,29,29,29,29,29,29,29
