Jan,Feb,Mar,Apr,May,Jun,Jul,Aug,Sep,Oct,Nov,Dec
Reference_period_1971-2000,27.55244382,28.37288857,28.61289914,27.07286008,24.93451373,23.98328082,23.68986448,24.51003456,26.64718056,26.98270098,25.78560829,26.36218707

